City_ID,City,Country,Lat,Lng,Max Temp,Humidity,Cloudiness,Wind Speed,Current Description
0,Saint-Philippe,RE,-21.36,55.77,71.6,73,20,17.22,few clouds
1,Roma,US,43.21,-75.46,80.01,74,1,6.93,light rain
2,Yeppoon,AU,-23.13,150.73,59.0,72,59,8.05,broken clouds
3,Yumen,CN,40.28,97.2,57.25,48,17,7.23,few clouds
4,Khatanga,RU,71.97,102.5,49.78,73,82,7.9,broken clouds
5,Ladenburg,DE,49.48,8.61,69.8,46,100,4.7,overcast clouds
6,Port Lincoln,AU,-34.73,135.87,56.89,76,57,16.58,broken clouds
7,Arraial Do Cabo,BR,-22.97,-42.03,82.4,65,0,18.34,clear sky
8,Busselton,AU,-33.65,115.33,41.0,70,5,7.16,clear sky
9,Waipawa,NZ,-41.41,175.52,55.4,76,5,17.22,clear sky
10,Liwale,TZ,-9.77,37.93,72.82,66,50,7.09,scattered clouds
11,Abaete,BR,-19.16,-45.45,86.0,27,0,3.85,clear sky
12,Hobart,AU,-42.88,147.33,55.99,76,99,2.24,overcast clouds
13,Shingu,JP,33.73,135.98,76.28,89,0,3.56,clear sky
14,Constitucion,CL,-35.33,-72.42,55.62,66,17,12.66,few clouds
15,Mataura,NZ,-46.19,168.86,48.61,82,100,7.0,overcast clouds
16,Rikitea,PF,-23.12,-134.97,69.87,66,92,6.46,overcast clouds
17,Gobabis,NA,-22.45,18.97,54.55,34,2,11.03,clear sky
18,Sobolevo,RU,54.43,31.9,59.41,94,93,9.24,overcast clouds
19,Kodiak,US,57.79,-152.41,55.4,76,75,12.75,broken clouds
20,Ponta Do Sol,PT,32.67,-17.1,75.2,53,40,20.8,scattered clouds
21,Mkushi,ZM,-13.62,29.39,71.83,26,3,7.14,clear sky
22,Asau,RO,46.43,26.4,69.01,80,0,3.98,clear sky
23,Yellowknife,CA,62.46,-114.35,46.4,100,90,16.11,light rain
24,Bluff,NZ,-46.6,168.33,52.47,79,96,31.54,overcast clouds
25,Nidzica,PL,53.36,20.43,64.4,88,92,6.93,overcast clouds
26,Saskylakh,RU,71.92,114.08,51.26,61,99,4.74,overcast clouds
27,Vaini,TO,-21.2,-175.2,73.4,88,20,8.05,few clouds
28,Albany,US,42.6,-73.97,77.0,84,100,1.99,light rain
29,Valdivia,CL,-39.81,-73.25,46.4,65,40,3.36,scattered clouds
30,Los Llanos De Aridane,ES,28.66,-17.92,75.2,83,75,18.34,broken clouds
31,Ohrid,MK,41.12,20.8,73.4,35,0,3.36,clear sky
32,Provideniya,RU,64.38,-173.3,48.45,81,66,11.7,broken clouds
33,Barrow,US,71.29,-156.79,37.4,86,90,18.34,overcast clouds
34,Hermanus,ZA,-34.42,19.23,42.01,89,64,10.47,light rain
35,Tasiilaq,GL,65.61,-37.64,42.8,70,75,18.34,light intensity shower rain
36,Valdez,EC,1.25,-78.98,78.03,81,80,10.94,broken clouds
37,Tiksi,RU,71.69,128.87,41.38,85,0,7.11,clear sky
38,Khasan,RU,42.43,130.64,66.81,92,100,9.78,light rain
39,Astana,KZ,51.18,71.45,60.8,67,87,4.47,overcast clouds
40,Ushuaia,AR,-54.8,-68.3,32.0,83,75,12.75,snow
41,Punta Arenas,CL,-53.15,-70.92,41.0,80,75,32.21,broken clouds
42,Mayor Pablo Lagerenza,PY,-19.93,-60.77,102.88,19,0,14.32,clear sky
43,Ibra,OM,22.69,58.53,87.37,48,96,8.86,overcast clouds
44,Bambous Virieux,MU,-20.34,57.76,71.6,73,75,14.99,broken clouds
45,Bolitoc,PH,15.74,119.88,81.3,80,100,3.98,overcast clouds
46,Port Blair,IN,11.67,92.75,82.54,77,24,4.74,few clouds
47,Chuy,UY,-33.7,-53.46,63.37,90,97,7.27,overcast clouds
48,Mar Del Plata,AR,-38.0,-57.56,50.0,53,75,16.11,broken clouds
49,Pisco,PE,-13.7,-76.22,63.0,82,90,6.93,overcast clouds
50,Surt,LY,31.21,16.59,80.94,72,0,17.87,clear sky
51,Margasari,ID,-7.1,109.02,73.78,82,43,5.7,scattered clouds
52,Riviere-Au-Renard,CA,49.0,-64.4,60.8,63,75,13.87,broken clouds
53,Alice Springs,AU,-23.7,133.88,50.0,23,12,4.43,few clouds
54,Cape Town,ZA,-33.93,18.42,48.99,57,40,14.99,scattered clouds
55,Port Elizabeth,ZA,-33.92,25.57,48.2,87,75,20.8,broken clouds
56,Baykit,RU,61.67,96.37,50.83,86,30,1.07,scattered clouds
57,Bien Hoa,VN,10.95,106.82,82.4,88,40,5.82,scattered clouds
58,Olafsvik,IS,64.89,-23.71,52.12,88,92,12.46,light rain
59,Hofn,IS,64.25,-15.21,50.56,70,100,2.48,overcast clouds
60,Mandalgovi,MN,45.76,106.27,57.45,70,100,5.35,light rain
61,Koutiala,ML,12.39,-5.46,78.82,83,100,8.48,moderate rain
62,Kapaa,US,22.08,-159.32,77.0,88,90,8.05,overcast clouds
63,Baijiantan,CN,45.63,85.18,72.86,33,0,5.1,clear sky
64,Bagan,RU,54.1,77.66,62.08,83,0,5.19,clear sky
65,Mahebourg,MU,-20.41,57.7,71.6,73,75,14.99,broken clouds
66,Praia Da Vitoria,PT,38.73,-27.07,80.6,74,40,13.13,scattered clouds
67,Haines Junction,CA,60.75,-137.51,52.99,68,75,3.02,broken clouds
68,Iqaluit,CA,63.75,-68.51,55.4,62,75,20.8,broken clouds
69,Nikolskoye,RU,59.7,30.79,59.0,82,75,6.71,broken clouds
70,Lasa,IT,46.62,10.7,55.99,93,75,5.82,light rain
71,Kaitangata,NZ,-46.28,169.85,52.0,69,94,7.0,overcast clouds
72,Victoria,HK,22.29,114.16,84.99,74,2,5.12,light rain
73,Sagae,JP,38.37,140.27,74.01,90,6,0.74,clear sky
74,Mariental,NA,-24.63,17.97,50.97,42,0,13.18,clear sky
75,Valparaiso,CL,-33.04,-71.63,60.8,55,40,13.87,scattered clouds
76,Aklavik,CA,68.22,-135.01,44.6,93,40,5.82,scattered clouds
77,Komsomolskiy,UZ,40.43,71.72,78.8,44,41,4.7,scattered clouds
78,Lebu,CL,-37.62,-73.65,48.92,60,1,15.41,clear sky
79,Souillac,MU,-20.52,57.52,71.6,73,75,14.99,broken clouds
80,Ambilobe,MG,-13.2,49.05,69.17,79,0,4.68,clear sky
81,Bethel,US,41.37,-73.41,75.2,88,90,6.93,overcast clouds
82,Bay Roberts,CA,47.6,-53.26,66.99,100,0,4.0,clear sky
83,Maneadero,MX,31.72,-116.57,80.01,45,3,5.99,clear sky
84,Tuktoyaktuk,CA,69.45,-133.04,42.8,87,75,10.29,broken clouds
85,Thompson,CA,55.74,-97.86,53.6,76,75,2.24,broken clouds
86,Hasanpur,IN,28.72,78.28,80.02,82,10,8.72,clear sky
87,Nioro,GM,13.35,-15.75,77.36,91,93,7.47,light rain
88,Atuona,PF,-9.8,-139.03,79.16,76,11,19.57,few clouds
89,Saint-Augustin,CA,51.23,-58.65,64.51,46,87,9.89,overcast clouds
90,Najran,SA,17.49,44.13,91.4,14,0,2.24,clear sky
91,Launceston,AU,-41.45,147.17,50.0,87,71,16.11,broken clouds
92,Bredasdorp,ZA,-34.53,20.04,44.6,87,70,6.93,moderate rain
93,Hithadhoo,MV,-0.6,73.08,82.45,75,100,11.23,overcast clouds
94,Oktyabrskoye,RU,43.06,44.74,64.4,88,51,6.71,broken clouds
95,Uyuni,BO,-20.46,-66.83,60.62,22,0,15.52,clear sky
96,Vao,NC,-22.67,167.48,66.27,71,47,20.85,scattered clouds
97,Avarua,CK,-21.21,-159.78,73.4,83,2,13.87,clear sky
98,Whitehorse,CA,60.72,-135.05,48.99,87,90,8.05,overcast clouds
99,Ambovombe,MG,-25.17,46.08,75.51,63,27,6.46,scattered clouds
100,Lata,PT,40.16,-8.33,72.0,66,0,8.01,clear sky
101,Tongchuan,CN,35.08,109.09,69.93,75,88,3.65,overcast clouds
102,Saint-Germain-En-Laye,FR,48.89,2.08,62.01,82,75,14.99,broken clouds
103,Jadu,LY,31.95,12.03,83.43,29,0,13.69,clear sky
104,At-Bashi,KG,41.17,75.81,55.51,52,30,5.01,scattered clouds
105,Ugoofaaru,MV,5.67,73.0,83.59,67,81,4.34,broken clouds
106,Kilindoni,TZ,-7.91,39.67,76.68,74,11,12.12,few clouds
107,Eureka,US,40.8,-124.16,61.0,100,90,3.36,mist
108,Faanui,PF,-16.48,-151.75,77.4,80,47,24.09,light rain
109,Deep River,CA,46.1,-77.5,59.0,98,100,3.0,light rain
110,Puerto Ayora,EC,-0.74,-90.35,73.4,69,20,19.46,few clouds
111,Rossano,IT,39.58,16.63,87.01,33,0,5.59,clear sky
112,Usinsk,RU,65.99,57.53,45.32,73,43,12.39,scattered clouds
113,Tessalit,ML,20.2,1.01,79.07,69,62,12.71,heavy intensity rain
114,East London,ZA,-33.02,27.91,55.4,62,45,25.28,scattered clouds
115,Tual,ID,-5.67,132.75,78.78,84,64,19.55,light rain
116,Narsaq,GL,60.92,-46.05,62.6,29,40,21.92,scattered clouds
117,Safranbolu,TR,41.25,32.69,73.29,31,0,1.97,clear sky
118,Guerrero Negro,MX,27.98,-114.06,85.96,51,11,5.19,few clouds
119,Quibor,VE,9.93,-69.62,95.0,36,79,6.93,broken clouds
120,Fort Frances,CA,48.6,-93.4,68.0,59,40,8.05,scattered clouds
121,Hopkinsville,US,36.87,-87.49,88.0,74,1,13.87,clear sky
122,Ribeira Grande,PT,38.52,-28.7,78.8,83,40,9.17,scattered clouds
123,San Juan,AR,-31.54,-68.54,63.37,28,1,20.13,clear sky
124,Snasa,NO,64.25,12.38,53.62,68,85,3.31,overcast clouds
125,Cidreira,BR,-30.18,-50.21,71.92,68,82,8.1,broken clouds
126,New Norfolk,AU,-42.78,147.06,52.0,68,89,3.6,overcast clouds
127,Shchigry,RU,51.88,36.9,60.8,77,56,4.47,broken clouds
128,Mogadishu,SO,2.04,45.34,77.9,84,9,15.93,light rain
129,Vila Franca Do Campo,PT,37.72,-25.43,77.0,88,75,14.99,broken clouds
130,Umm Lajj,SA,25.02,37.27,85.95,55,0,5.5,clear sky
131,Solwezi,ZM,-12.17,26.39,71.65,36,55,2.62,broken clouds
132,Tongzi,CN,28.78,105.09,78.17,86,96,2.8,light rain
133,Belmonte,BR,-15.86,-38.88,78.8,65,1,9.17,clear sky
134,Chokurdakh,RU,70.63,147.92,37.53,96,100,5.01,overcast clouds
135,Isangel,VU,-19.55,169.27,72.41,85,99,20.31,overcast clouds
136,Nanortalik,GL,60.14,-45.24,52.45,66,91,9.8,overcast clouds
137,Qaqortoq,GL,60.72,-46.03,62.6,29,40,21.92,scattered clouds
138,Mount Isa,AU,-20.73,139.5,64.4,31,0,2.24,clear sky
139,San Patricio,MX,19.22,-104.7,86.0,79,40,6.93,scattered clouds
140,Roebourne,AU,-20.78,117.13,75.04,46,0,3.83,clear sky
141,Hilo,US,19.73,-155.09,73.99,78,40,5.82,scattered clouds
142,Upernavik,GL,72.79,-56.15,41.9,66,0,6.67,clear sky
143,Bitam,GA,2.08,11.5,69.49,97,40,3.51,light rain
144,Hobyo,SO,5.35,48.53,77.7,82,0,25.43,clear sky
145,Pangody,RU,65.85,74.49,46.0,90,29,8.88,scattered clouds
146,Cody,US,44.53,-109.06,82.99,28,1,8.21,clear sky
147,Kuching,MY,1.55,110.33,73.4,100,20,1.23,few clouds
148,Alikalia,SL,9.17,-11.4,71.76,93,100,4.94,light rain
149,Jatai,BR,-17.88,-51.71,94.69,12,0,7.02,clear sky
150,Port Alfred,ZA,-33.59,26.89,54.45,61,18,20.65,few clouds
151,Butaritari,KI,3.07,172.79,82.58,72,39,11.48,scattered clouds
152,Saint George,US,37.1,-113.58,89.01,22,1,12.75,clear sky
153,Jamestown,US,42.1,-79.24,73.99,78,75,17.22,broken clouds
154,Zeya,RU,53.75,127.27,49.69,66,93,2.84,overcast clouds
155,Hami,CN,42.8,93.45,69.51,26,6,1.39,clear sky
156,Yarada,IN,17.65,83.27,84.2,89,75,3.36,mist
157,Cap Malheureux,MU,-19.98,57.61,70.0,75,9,8.01,light rain
158,Qaanaaq,GL,77.48,-69.36,40.14,69,0,2.48,clear sky
159,Boissevain,CA,49.23,-100.06,73.99,45,1,8.05,clear sky
160,Eltham,NZ,-39.43,174.3,50.0,96,13,3.0,light rain
161,Boundiali,CI,9.52,-6.49,75.63,91,100,5.37,moderate rain
162,Alice Town,BS,25.72,-79.3,85.12,72,99,5.88,overcast clouds
163,Shahr-E Kord,IR,32.33,50.86,69.8,21,20,2.24,few clouds
164,Merauke,ID,-8.47,140.33,77.9,85,99,16.37,overcast clouds
165,Labrea,BR,-7.26,-64.8,99.81,31,69,1.48,broken clouds
166,Clyde River,CA,70.47,-68.59,51.8,71,1,14.99,clear sky
167,Mabaruma,GY,8.2,-59.78,86.13,70,88,3.58,light rain
168,Puerto Escondido,MX,15.85,-97.07,82.4,54,75,5.82,broken clouds
169,Cartagena,CO,10.4,-75.51,91.4,70,40,12.75,scattered clouds
170,Marystown,CA,47.17,-55.15,66.0,100,1,10.0,clear sky
171,Yuanping,CN,38.72,112.76,67.64,91,82,2.06,broken clouds
172,Mindelo,CV,16.89,-24.98,87.8,62,40,10.29,scattered clouds
173,Chapais,CA,49.78,-74.85,55.4,62,90,9.17,overcast clouds
174,Kuryk,KZ,43.2,51.65,73.31,69,12,12.39,few clouds
175,Broken Hill,AU,-31.95,141.43,59.0,30,3,9.17,clear sky
176,Kungur,RU,57.44,56.96,61.83,90,97,7.65,overcast clouds
177,Kupang,ID,-10.17,123.58,73.24,79,12,11.16,few clouds
178,Dikson,RU,73.51,80.55,43.27,99,100,10.45,overcast clouds
179,Pinega,RU,64.7,43.39,53.44,84,100,6.35,overcast clouds
180,Huarmey,PE,-10.07,-78.15,67.37,67,60,12.01,broken clouds
181,Mashivka,UA,49.44,34.87,67.37,49,18,4.32,few clouds
182,San Carlos De Bariloche,AR,-41.15,-71.31,41.0,41,40,16.11,scattered clouds
183,Moree,AU,-29.47,149.85,50.0,66,0,6.93,clear sky
184,Rurrenabaque,BO,-14.44,-67.53,98.58,24,0,5.26,clear sky
185,Lubu,CN,23.17,112.28,78.42,82,29,1.9,scattered clouds
186,Sabang,ID,5.89,95.32,83.07,71,84,1.68,light rain
187,Kavieng,PG,-2.57,150.8,81.45,77,35,11.32,scattered clouds
188,Tigil,RU,57.8,158.67,39.31,93,16,1.21,few clouds
189,Carnarvon,AU,-24.87,113.63,62.6,72,0,13.87,clear sky
190,Pevek,RU,69.7,170.31,37.22,84,100,5.77,overcast clouds
191,Cabrobo,BR,-8.51,-39.31,91.81,31,83,16.82,broken clouds
192,Parakou,BJ,9.34,2.63,73.78,94,88,4.09,moderate rain
193,Lere,NG,10.39,8.57,71.46,91,81,4.03,moderate rain
194,Mapastepec,MX,15.43,-92.9,87.98,61,24,5.12,few clouds
195,Geraldton,AU,-28.77,114.6,42.8,87,0,13.6,clear sky
196,Arlit,NE,18.74,7.39,94.75,35,2,10.07,clear sky
197,Buckingham,GB,52.0,-0.99,55.0,88,98,4.0,overcast clouds
198,Bairiki,KI,1.33,172.98,82.4,78,40,6.93,scattered clouds
199,Vostok,RU,46.49,135.88,48.9,98,100,8.1,overcast clouds
200,Dharchula,IN,29.85,80.53,67.57,76,69,0.38,light rain
201,Ales,FR,44.13,4.08,70.0,6,46,1.99,scattered clouds
202,La Ronge,CA,55.1,-105.28,66.2,63,75,14.99,broken clouds
203,Adrar,MR,20.5,-10.07,106.41,7,0,17.92,clear sky
204,Maragogi,BR,-9.01,-35.22,79.0,76,33,13.51,scattered clouds
205,Caravelas,BR,-17.71,-39.25,78.93,64,5,7.4,clear sky
206,Katherine,AU,-14.47,132.27,73.4,56,53,6.93,broken clouds
207,Santo Domingo,DO,18.5,-69.99,93.2,59,40,9.17,scattered clouds
208,Kargasok,RU,59.06,80.86,54.05,95,22,4.88,few clouds
209,Sibolga,ID,1.74,98.78,77.56,83,99,3.22,overcast clouds
210,Kruisfontein,ZA,-34.0,24.73,46.99,68,25,5.99,scattered clouds
211,Antalaha,MG,-14.9,50.28,70.12,83,3,9.13,clear sky
212,Farsund,NO,58.09,6.8,62.01,70,85,7.92,overcast clouds
213,Rancho Palos Verdes,US,33.74,-118.39,73.0,77,20,8.05,few clouds
214,Touros,BR,-5.2,-35.46,82.4,69,40,14.99,scattered clouds
215,Gat,IL,31.61,34.76,84.99,80,0,4.0,clear sky
216,Castro,BR,-24.79,-50.01,77.86,48,0,6.15,clear sky
217,Esperance,AU,-33.87,121.9,48.2,81,75,2.24,broken clouds
218,Puerto Colombia,CO,10.99,-74.95,91.4,70,40,4.7,scattered clouds
219,Manjacaze,MZ,-24.71,33.88,85.73,41,0,15.12,clear sky
220,Yanam,IN,16.73,82.22,79.18,88,77,3.89,broken clouds
221,Cayenne,GF,4.93,-52.33,89.6,59,40,5.82,scattered clouds
222,Kloulklubed,PW,7.04,134.26,77.0,88,75,8.32,broken clouds
223,Ilulissat,GL,69.22,-51.1,48.2,63,75,3.36,broken clouds
224,Liverpool,GB,53.41,-2.98,55.99,71,75,10.29,shower rain
225,Whitecourt,CA,54.15,-115.69,53.6,66,20,11.41,few clouds
226,Sangar,RU,63.92,127.47,56.68,52,100,12.64,overcast clouds
227,Vrangel,RU,42.73,133.08,64.94,85,96,17.56,overcast clouds
228,Yining,CN,29.04,114.56,72.09,90,0,0.89,clear sky
229,Tura,IN,25.52,90.22,74.82,95,73,4.41,light rain
230,Uvinza,TZ,-5.1,30.39,71.38,54,36,3.02,scattered clouds
231,San Cristobal,VE,7.77,-72.22,89.6,52,40,11.41,scattered clouds
232,Suntar,RU,62.14,117.63,51.22,96,100,3.94,overcast clouds
233,Xinyu,CN,27.8,114.93,73.6,86,0,2.46,clear sky
234,Marsh Harbour,BS,26.54,-77.06,85.42,66,99,3.94,overcast clouds
235,Tucuman,AR,-26.82,-65.22,80.6,36,88,11.41,smoke
236,Georgetown,MY,5.41,100.34,84.2,74,20,3.36,few clouds
237,Gawler,AU,-34.6,138.73,62.01,45,95,5.99,overcast clouds
238,Rawson,AR,-43.3,-65.1,48.18,43,0,15.57,clear sky
239,Tuatapere,NZ,-46.13,167.68,49.21,82,96,10.07,overcast clouds
240,Groningen,NL,53.25,6.75,63.0,77,20,11.41,few clouds
241,Yar-Sale,RU,66.83,70.83,42.44,78,0,10.54,clear sky
242,Krasnoselkup,RU,65.7,82.47,56.37,80,79,2.66,broken clouds
243,Kirovsk,UA,48.64,38.64,67.51,52,0,2.89,clear sky
244,Kachug,RU,53.96,105.88,56.07,91,100,1.83,overcast clouds
245,Elat,IL,29.56,34.95,93.2,63,0,9.17,clear sky
246,La Baule-Escoublac,FR,47.29,-2.36,61.0,72,73,11.41,broken clouds
247,Mint Hill,US,35.18,-80.65,86.0,86,88,1.99,light rain
248,Bandarbeyla,SO,9.49,50.81,77.16,78,5,30.62,clear sky
249,Homer,US,59.64,-151.55,55.0,87,1,5.82,clear sky
250,Capreol,CA,46.71,-80.92,61.0,93,90,8.05,shower rain
251,Galatini,GR,40.32,21.55,82.0,38,0,4.27,clear sky
252,Coihaique,CL,-45.58,-72.07,44.6,48,75,5.82,broken clouds
253,North Battleford,CA,52.78,-108.28,69.8,46,1,12.75,clear sky
254,Lagoa,PT,39.05,-27.98,74.5,94,92,10.0,overcast clouds
255,Negotin,RS,44.23,22.53,82.8,32,0,1.63,clear sky
256,Severo-Kurilsk,RU,50.68,156.12,49.08,92,100,12.12,light rain
257,Ancud,CL,-41.87,-73.82,46.99,94,65,5.01,light rain
258,The Valley,AI,18.22,-63.06,87.8,70,20,11.41,few clouds
259,Townsville,AU,-19.25,146.8,71.01,68,90,14.99,overcast clouds
260,Saldanha,ZA,-33.01,17.94,46.4,70,14,5.82,few clouds
261,Chiredzi,ZW,-21.05,31.67,86.16,25,34,9.82,scattered clouds
262,Kannangad,IN,12.31,75.11,78.82,84,100,0.78,light rain
263,San Miguel,SV,13.48,-88.18,87.8,70,40,3.22,scattered clouds
264,Maskinonge,CA,46.23,-73.02,60.01,100,90,11.41,light rain
265,Pauini,BR,-7.71,-66.98,98.87,31,72,0.78,broken clouds
266,Maldonado,UY,-34.67,-54.92,55.0,100,90,14.99,fog
267,Kautokeino,NO,69.01,23.04,48.11,75,90,8.84,light rain
268,Mana,GF,5.66,-53.78,83.97,81,67,9.91,moderate rain
269,Ballaghaderreen,IE,53.9,-8.58,53.6,71,75,13.87,light intensity shower rain
270,Kristinehamn,SE,59.31,14.11,57.99,93,100,3.36,light intensity drizzle
271,Kaoma,ZM,-14.78,24.8,75.13,35,73,0.43,broken clouds
272,Kununurra,AU,-15.77,128.73,60.8,24,14,9.51,few clouds
273,Lagos,NG,6.58,3.75,80.6,78,20,9.17,few clouds
274,Bengkulu,ID,-3.8,102.27,76.53,87,86,4.36,overcast clouds
275,Cascais,PT,38.7,-9.42,70.0,60,20,34.45,few clouds
276,Saint-Prosper,CA,46.21,-70.48,55.0,95,100,10.31,heavy intensity rain
277,Kinangan,PH,6.3,125.58,78.39,76,100,4.0,overcast clouds
278,Gorontalo,ID,0.54,123.06,75.4,82,98,2.68,overcast clouds
279,Amga,RU,60.9,131.96,49.15,51,96,3.8,overcast clouds
280,Chumikan,RU,54.72,135.31,51.55,63,0,5.23,clear sky
281,Atar,MR,20.52,-13.05,106.7,7,0,14.9,clear sky
282,Namatanai,PG,-3.67,152.43,77.88,81,47,5.23,scattered clouds
283,Leningradskiy,RU,69.38,178.42,36.3,92,100,8.28,overcast clouds
284,Neubrandenburg,DE,53.57,13.27,68.0,70,75,3.71,broken clouds
285,Meulaboh,ID,4.14,96.13,77.95,85,96,3.44,light rain
286,Prestea,GH,5.43,-2.14,77.52,73,42,7.58,scattered clouds
287,Santa Marinella,IT,42.03,11.85,73.99,84,0,5.99,clear sky
288,Puteyets,RU,65.17,57.09,48.65,83,36,4.94,scattered clouds
289,Rognan,NO,67.1,15.39,50.0,90,94,5.79,overcast clouds
290,Gander,CA,48.97,-54.59,66.2,55,75,12.75,broken clouds
291,Grand Gaube,MU,-20.01,57.66,70.0,75,12,8.01,light rain
292,Aquiraz,BR,-3.9,-38.39,86.0,62,20,25.28,few clouds
293,Sharlyk,RU,52.92,54.75,69.53,58,100,8.12,overcast clouds
294,Lorengau,PG,-2.02,147.27,81.0,82,50,11.39,light rain
295,Magadan,RU,59.57,150.8,42.93,73,13,8.9,few clouds
296,Watertown,US,42.37,-71.18,75.0,94,90,11.41,light rain
297,Nchelenge,ZM,-9.35,28.73,77.04,46,1,2.26,clear sky
298,Ingham,US,42.6,-84.38,75.0,64,90,16.11,overcast clouds
299,Anadyr,RU,64.75,177.48,42.8,81,75,15.66,broken clouds
300,Kirakira,SB,-10.45,161.92,78.82,83,96,7.74,overcast clouds
301,Verkhnevilyuysk,RU,63.45,120.32,52.36,96,99,2.06,overcast clouds
302,Ennis,IE,52.84,-8.99,59.0,54,40,13.87,scattered clouds
303,Lamut,PH,16.65,121.22,74.82,80,100,1.34,overcast clouds
304,Portland,US,45.52,-122.68,70.0,67,75,8.05,broken clouds
305,Hamilton,US,39.18,-84.53,87.01,65,75,6.93,broken clouds
306,Sioux Lookout,CA,50.1,-91.92,57.2,67,75,10.29,broken clouds
307,Longyearbyen,SJ,78.22,15.64,41.0,65,40,16.11,scattered clouds
308,Chicama,PE,-7.84,-79.15,73.31,53,31,10.8,scattered clouds
309,Orlik,RU,52.52,99.83,47.21,85,100,4.99,moderate rain
310,Haicheng,CN,40.85,122.75,67.32,90,1,1.79,clear sky
311,Sorland,NO,67.67,12.69,49.12,73,92,10.45,light rain
312,Richards Bay,ZA,-28.78,32.04,68.36,77,90,12.06,overcast clouds
313,Nouadhibou,MR,20.93,-17.03,84.2,62,0,18.34,clear sky
314,Coquimbo,CL,-29.95,-71.34,60.8,48,42,12.75,scattered clouds
315,Sao Filipe,CV,14.9,-24.5,81.09,76,89,5.3,overcast clouds
316,Norman Wells,CA,65.28,-126.83,44.6,70,40,9.17,scattered clouds
317,Nyurba,RU,63.28,118.33,47.44,95,89,2.46,overcast clouds
318,Oistins,BB,13.07,-59.53,84.2,79,75,24.16,light intensity shower rain
319,Chunskiy,RU,56.08,99.63,53.44,94,100,2.21,overcast clouds
320,Andenes,NO,69.31,16.12,48.2,87,100,6.93,light rain
321,Manaus,BR,-3.1,-60.02,87.8,70,40,4.7,scattered clouds
322,Bathsheba,BB,13.22,-59.52,84.2,79,75,24.16,light intensity shower rain
323,Galesong,ID,-5.32,119.37,77.0,78,20,1.12,few clouds
324,Orange,US,33.7,-117.77,79.0,73,20,3.36,few clouds
325,Eastlake,US,41.65,-81.45,71.6,73,90,10.29,overcast clouds
326,Sao Felix Do Xingu,BR,-6.64,-51.99,103.87,17,46,3.96,scattered clouds
327,Uthal,PK,25.81,66.62,82.54,83,44,7.94,scattered clouds
328,Cap-Aux-Meules,CA,47.38,-61.86,62.6,63,75,9.17,broken clouds
329,Sabha,LY,27.04,14.43,94.68,15,0,9.71,clear sky
330,Loikaw,MM,19.67,97.21,68.54,93,97,2.46,overcast clouds
331,Hasaki,JP,35.73,140.83,78.8,94,40,4.7,scattered clouds
332,Payo,ID,-3.75,103.64,73.06,87,97,2.15,overcast clouds
333,Pangnirtung,CA,66.15,-65.71,53.6,62,20,11.41,few clouds
334,Andradas,BR,-22.07,-46.57,81.95,33,0,7.47,clear sky
335,Wismar,DE,53.9,11.47,64.99,75,23,6.4,few clouds
336,Tuy Hoa,VN,13.08,109.3,78.67,85,44,5.68,scattered clouds
337,Aniva,RU,46.71,142.53,50.0,87,100,6.71,overcast clouds
338,Poum,NC,-20.23,164.02,68.32,77,97,21.81,overcast clouds
339,Viedma,AR,-40.81,-63.0,48.0,32,0,8.01,clear sky
340,Ruhengeri,RW,-1.5,29.64,62.13,80,99,1.32,light rain
341,Saint-Francois,FR,46.42,3.91,69.8,46,14,13.87,few clouds
342,Airai,TL,-8.93,125.41,54.54,50,53,3.56,broken clouds
343,Vanimo,PG,-2.67,141.3,76.46,82,82,5.44,broken clouds
344,Peace River,CA,56.25,-117.29,51.8,66,75,8.05,broken clouds
345,Shitanjing,CN,39.23,106.34,56.32,77,100,12.64,overcast clouds
346,Cravo Norte,CO,6.3,-70.2,90.18,55,27,9.8,scattered clouds
347,Vardo,NO,70.37,31.11,52.5,72,79,13.38,broken clouds
348,Saint-Joseph,RE,-21.37,55.62,71.6,73,20,17.22,few clouds
349,Mount Gambier,AU,-37.83,140.77,60.8,32,74,18.34,broken clouds
350,Teahupoo,PF,-17.83,-149.27,78.8,74,20,2.24,few clouds
351,Codrington,AU,-38.27,141.97,58.8,36,100,22.41,overcast clouds
352,North Platte,US,41.12,-100.77,77.0,47,1,6.93,clear sky
353,Luderitz,NA,-26.65,15.16,55.45,60,13,22.15,few clouds
354,Newton,US,42.34,-71.21,75.0,94,90,8.05,light rain
355,Broome,US,42.25,-75.83,78.01,78,75,10.29,broken clouds
356,Kiama,AU,-34.68,150.87,53.01,62,0,1.99,clear sky
357,Fortuna,US,40.6,-124.16,61.0,93,90,7.0,overcast clouds
358,Igrim,RU,63.19,64.42,55.83,77,100,9.98,overcast clouds
359,Swedru,GH,5.54,-0.7,78.8,78,20,16.11,few clouds
360,Kungurtug,RU,50.6,97.52,47.19,85,100,2.04,light rain
361,Doha,QA,25.29,51.53,96.01,63,0,4.7,clear sky
362,Batticaloa,LK,7.71,81.69,82.76,76,29,2.89,scattered clouds
363,Mikuni,JP,36.22,136.15,80.6,88,20,2.24,few clouds
364,Congonhas,BR,-20.5,-43.86,82.4,32,40,6.93,scattered clouds
365,Durban,ZA,-29.86,31.03,66.2,72,75,8.05,broken clouds
366,Katobu,ID,-4.94,122.53,73.65,85,91,4.94,overcast clouds
367,Saint-Donat-De-Montcalm,CA,46.32,-74.22,54.18,96,100,11.72,moderate rain
368,Te Anau,NZ,-45.42,167.72,47.89,83,97,7.63,overcast clouds
369,Yingkou,CN,40.66,122.23,69.48,90,0,4.29,clear sky
370,Mweka,CD,-4.85,21.57,78.03,64,78,3.06,light rain
371,Dongli,CN,23.57,116.82,82.4,88,97,2.24,mist
372,Niigata,JP,37.9,139.02,79.0,94,1,1.12,clear sky
373,Diego De Almagro,CL,-26.37,-70.05,76.5,16,0,10.16,clear sky
374,Carutapera,BR,-1.2,-46.02,86.18,61,67,12.66,broken clouds
375,Kuito,AO,-12.38,16.93,67.93,53,89,3.53,overcast clouds
376,Sijunjung,ID,-0.69,100.95,72.86,85,94,1.72,overcast clouds
377,Mvuma,ZW,-19.28,30.53,75.34,20,0,4.14,clear sky
378,Cabra,ES,37.47,-4.44,82.0,21,0,3.0,clear sky
379,Djambala,CG,-2.54,14.75,74.86,74,100,4.09,overcast clouds
380,Ahipara,NZ,-35.17,173.17,50.77,85,0,2.42,clear sky
381,Rusera,IN,25.75,86.03,85.01,68,32,4.85,scattered clouds
382,Kurdzhinovo,RU,43.99,40.96,60.35,61,4,5.12,clear sky
383,Karimganj,IN,24.87,92.35,77.16,94,93,2.64,light rain
384,Vestmanna,FO,62.16,-7.17,50.0,81,100,10.29,overcast clouds
385,Buraydah,SA,26.33,43.98,96.8,18,0,8.05,clear sky
386,Kamaishi,JP,39.27,141.88,73.83,89,86,6.67,light rain
387,Amapa,BR,1.0,-52.0,90.07,51,19,6.35,few clouds
388,Rantepao,ID,-2.97,119.9,64.69,87,100,1.45,overcast clouds
389,Zhaotong,CN,27.32,103.72,62.24,87,100,2.39,light rain
390,Gisborne,NZ,-38.65,178.0,48.99,76,0,4.0,clear sky
391,Port-Cartier,CA,50.03,-66.87,59.0,58,75,13.87,broken clouds
392,Takanabe,JP,32.13,131.5,78.3,83,0,4.03,clear sky
393,Shimoda,JP,34.67,138.95,73.99,89,19,1.01,few clouds
394,Sayyan,YE,15.17,44.32,63.97,64,49,2.57,scattered clouds
395,Talnakh,RU,69.49,88.4,51.8,100,34,4.47,scattered clouds
396,Kvarkeno,RU,52.08,59.73,67.86,58,95,10.13,overcast clouds
397,Caxito,AO,-8.58,13.66,71.6,73,20,9.17,few clouds
398,Praia,CV,14.92,-23.51,84.2,74,75,14.99,broken clouds
399,Fukue,JP,32.69,128.84,81.97,83,0,5.06,clear sky
400,Noumea,NC,-22.28,166.46,70.0,77,90,13.98,overcast clouds
401,Korla,CN,41.76,86.15,75.0,69,0,7.0,clear sky
402,Resistencia,AR,-27.46,-58.98,91.0,40,75,5.82,smoke
403,Serebryansk,KZ,49.69,83.29,57.2,76,0,2.24,clear sky
404,Naze,JP,28.37,129.48,80.6,94,75,5.82,broken clouds
405,Gilleleje,DK,56.12,12.31,62.01,82,50,4.5,scattered clouds
406,Rudozem,BG,41.48,24.85,81.0,28,0,5.82,clear sky
407,Cherskiy,RU,68.75,161.3,37.09,95,94,4.45,overcast clouds
408,Saint-Pierre,RE,-21.34,55.48,71.6,73,20,17.22,few clouds
409,Sawtell,AU,-30.38,153.1,50.0,100,10,4.7,clear sky
410,Aksarka,RU,66.56,67.8,42.73,68,51,6.98,broken clouds
411,Luena,AO,-11.78,19.92,73.62,49,94,2.51,overcast clouds
412,Paamiut,GL,61.99,-49.67,43.63,91,94,5.88,overcast clouds
413,Barinitas,VE,8.76,-70.41,86.29,54,2,6.67,clear sky
414,Timra,SE,62.49,17.33,59.0,71,77,3.36,broken clouds
415,Antofagasta,CL,-23.65,-70.4,59.0,67,20,12.75,few clouds
416,Kangaba,ML,11.93,-8.42,75.16,89,100,5.35,overcast clouds
417,Manjeshwar,IN,12.72,74.89,77.0,88,75,3.36,mist
418,Faya,SA,18.39,42.45,71.6,77,20,4.7,few clouds
419,Comodoro Rivadavia,AR,-45.87,-67.5,48.2,36,20,18.34,few clouds
420,Beringovskiy,RU,63.05,179.32,50.29,88,100,18.88,light rain
421,Torbay,CA,47.67,-52.73,66.99,55,75,21.92,broken clouds
422,Maragua,KE,-0.78,37.13,69.8,52,75,9.17,broken clouds
423,Sile,TR,41.18,29.61,77.0,73,0,5.01,clear sky
424,Freeport,US,40.66,-73.58,75.99,88,90,9.17,light rain
425,Ilo,PE,-17.64,-71.34,64.4,77,90,6.93,overcast clouds
426,Flinders,AU,-34.58,150.86,53.01,80,0,1.01,clear sky
427,Paragominas,BR,-2.97,-47.48,94.95,36,55,5.95,broken clouds
428,Raahe,FI,64.68,24.48,55.4,71,52,2.24,broken clouds
429,Aksaray,TR,38.37,34.03,84.2,9,0,17.22,clear sky
430,Kidal,ML,18.44,1.41,83.21,60,52,8.68,broken clouds
431,Plettenberg Bay,ZA,-34.05,23.37,47.07,74,87,10.56,light rain
432,Vidim,RU,56.41,103.11,52.36,90,62,2.62,broken clouds
433,Novyy Rogachik,RU,48.68,44.06,64.4,72,30,11.18,scattered clouds
434,Strezhevoy,RU,60.73,77.59,57.2,93,4,2.24,clear sky
435,Kijang,KR,35.24,129.21,80.6,88,20,2.24,few clouds
436,Mackay,AU,-21.15,149.2,68.0,77,40,17.22,scattered clouds
437,Nandgaon,IN,20.32,74.65,73.15,88,100,12.33,light rain
438,Kribi,CM,2.95,9.92,76.23,88,95,9.46,overcast clouds
439,Tokur,RU,53.13,132.9,40.33,77,95,3.36,overcast clouds
440,Vuktyl,RU,63.86,57.31,51.94,90,100,9.46,overcast clouds
441,Castle Rock,US,39.37,-104.86,75.0,60,95,7.63,overcast clouds
442,Trairi,BR,-3.28,-39.27,85.06,58,15,19.73,few clouds
443,Urengoy,RU,65.97,78.37,52.29,90,96,10.38,light rain
444,Margate,GB,51.38,1.39,55.99,89,77,4.0,broken clouds
445,Mega,ET,4.05,38.3,64.26,66,53,12.77,broken clouds
446,Umba,RU,66.69,34.34,48.76,80,24,3.78,few clouds
447,Natitingou,BJ,10.3,1.38,75.2,83,75,4.7,thunderstorm
448,Kangavar,IR,34.5,47.97,77.0,16,6,9.17,clear sky
449,Lavrentiya,RU,65.58,-171.0,44.78,76,69,10.47,broken clouds
450,Singkawang,ID,0.9,109.0,77.68,88,100,2.8,light rain
451,Fairbanks,US,64.84,-147.72,51.01,100,75,3.36,broken clouds
452,Glushkovo,RU,51.34,34.63,63.37,71,47,6.46,scattered clouds
453,Tiarei,PF,-17.53,-149.33,78.8,74,20,2.24,few clouds
454,Skibbereen,IE,51.55,-9.27,55.4,62,75,12.75,broken clouds
455,Juneau,US,58.3,-134.42,52.0,93,40,0.98,fog
456,Dawei,MM,14.08,98.2,77.14,90,66,1.48,broken clouds
457,Lazaro Cardenas,MX,17.96,-102.2,84.43,71,89,5.88,overcast clouds
458,Dhidhdhoo,MV,6.88,73.1,83.5,69,74,5.99,broken clouds
459,Lake Wales,US,27.9,-81.59,93.99,63,20,5.82,few clouds
460,Jalu,LY,29.03,21.55,90.72,22,0,8.72,clear sky
461,Clarence Town,AU,-32.58,151.78,46.99,93,0,5.82,clear sky
462,Straumen,NO,63.87,11.3,57.2,76,75,11.41,broken clouds
463,Handan,CN,36.6,114.47,75.79,75,0,1.28,clear sky
464,Charters Towers,AU,-20.1,146.27,59.7,79,30,15.35,scattered clouds
465,Egvekinot,RU,66.32,-179.17,36.99,80,33,13.73,scattered clouds
466,Severnyy,RU,50.68,36.55,69.8,56,60,2.24,broken clouds
467,Grindavik,IS,63.84,-22.43,53.6,87,90,13.87,overcast clouds
468,Poretskoye,RU,55.2,46.33,57.67,91,39,7.74,scattered clouds
469,Salinopolis,BR,-0.61,-47.36,84.76,68,32,17.27,scattered clouds
470,Bilibino,RU,68.05,166.44,43.84,81,100,4.34,overcast clouds
471,Urumqi,CN,43.8,87.6,64.4,59,6,4.47,clear sky
472,Dhuburi,IN,26.03,89.97,81.34,82,79,7.87,light rain
473,Sao Joao Da Barra,BR,-21.64,-41.05,82.4,58,0,20.8,clear sky
474,Saint Anthony,US,45.02,-93.22,75.0,53,1,9.17,clear sky
475,Boddam,GB,57.47,-1.78,53.6,66,20,13.87,few clouds
476,Salalah,OM,17.02,54.09,77.0,94,90,5.82,overcast clouds
477,Ladushkin,RU,54.57,20.17,64.4,88,20,8.95,few clouds
478,San Luis,AR,-33.3,-66.34,58.03,36,45,18.99,scattered clouds
479,Belyy Yar,RU,53.6,91.39,53.6,93,26,2.24,scattered clouds
480,Saquarema,BR,-22.92,-42.51,82.4,48,0,21.92,clear sky
481,Jurilovca,RO,44.77,28.87,73.4,69,0,5.82,clear sky
482,Pahalgam,IN,34.03,75.33,57.25,62,6,3.24,clear sky
483,Gbarnga,LR,7.0,-9.47,73.31,96,99,4.88,moderate rain
484,Calabozo,VE,8.92,-67.43,86.65,67,100,5.66,light rain
485,Ginir,ET,7.13,40.7,63.91,72,39,4.65,scattered clouds
486,Wawa,NG,9.9,4.42,77.29,86,100,2.86,overcast clouds
487,Kaihua,CN,23.37,104.28,65.35,93,74,3.78,light rain
488,Cassilandia,BR,-19.11,-51.73,98.19,11,0,7.18,clear sky
489,Leninskoye,RU,47.94,132.62,56.32,97,100,8.95,heavy intensity rain
490,Samarai,PG,-10.62,150.67,78.24,86,76,14.32,light rain
491,Bud,US,39.45,-86.18,84.0,65,75,11.41,broken clouds
492,Zyryanskoye,RU,56.83,86.63,56.7,97,99,6.53,moderate rain
493,Hervey Bay,AU,-25.3,152.85,57.0,87,40,8.05,scattered clouds
494,Ulaangom,MN,49.98,92.07,55.98,57,99,4.81,overcast clouds
495,Nova Olimpia,BR,-14.8,-57.29,111.45,7,0,4.18,clear sky
496,Rincon,US,32.3,-81.24,91.99,62,75,12.75,broken clouds
497,Enshi,CN,30.3,109.48,72.48,84,44,0.74,scattered clouds
498,Talara,PE,-4.58,-81.27,75.2,60,17,16.11,few clouds
499,Mutoko,ZW,-17.4,32.23,70.75,32,4,5.35,clear sky
500,Sao Pedro,BR,-22.55,-47.91,87.01,29,0,4.12,clear sky
501,Sadri,IN,25.18,73.43,79.75,79,83,3.58,moderate rain
502,Bontang,ID,0.13,117.5,77.81,86,72,8.16,light rain
503,Hambantota,LK,6.12,81.12,81.5,76,46,17.09,scattered clouds
504,Itacoatiara,BR,-3.14,-58.44,92.57,45,31,3.76,light rain
505,Kampot,KH,10.62,104.18,80.6,83,20,2.24,few clouds
506,Spas-Demensk,RU,54.41,34.02,56.88,91,78,5.14,broken clouds
507,Erenhot,CN,43.65,111.98,59.63,89,100,3.96,heavy intensity rain
508,Colares,PT,38.8,-9.45,70.0,60,20,34.45,few clouds
509,Bugiri,UG,0.57,33.74,66.83,88,76,2.13,moderate rain
510,Zhuhai,CN,22.28,113.57,87.01,79,7,3.36,clear sky
511,Hailey,US,43.52,-114.32,79.0,33,5,4.7,smoke
512,Podosinovets,RU,60.28,47.07,57.9,95,100,2.64,overcast clouds
513,Pasni,PK,25.26,63.47,81.52,85,19,14.7,few clouds
514,Bella Union,UY,-30.28,-57.6,73.06,81,66,12.28,light rain
515,Rocha,UY,-34.48,-54.33,58.06,93,97,13.56,overcast clouds
516,Drayton Valley,CA,53.22,-114.99,50.0,70,100,13.0,overcast clouds
517,Beloha,MG,-25.17,45.05,75.76,55,50,3.76,scattered clouds
518,Boden,SE,65.83,21.69,57.2,82,50,9.17,scattered clouds
519,Sitka,US,57.05,-135.33,53.6,81,75,3.2,broken clouds
520,Ixtapa,MX,20.7,-105.2,86.0,58,20,2.24,few clouds
521,Ambulu,ID,-8.35,113.61,72.27,81,32,4.61,scattered clouds
522,Kendari,ID,-3.94,122.5,72.91,90,89,2.62,overcast clouds
523,Mulege,MX,26.88,-111.98,87.21,65,91,7.38,light rain
524,Avera,US,33.19,-82.53,87.8,70,75,14.99,broken clouds
525,Lompoc,US,34.64,-120.46,63.0,77,90,3.36,overcast clouds
526,Desbiens,CA,48.42,-71.95,57.2,76,90,5.82,overcast clouds
527,Marfino,RU,55.7,37.38,63.0,82,40,4.47,scattered clouds
528,Rathangan,IE,53.22,-7.0,55.99,79,81,7.0,broken clouds
529,Shahreza,IR,32.03,51.88,69.24,22,0,11.14,clear sky
530,Itaituba,BR,-4.28,-55.98,93.09,44,64,1.7,broken clouds
531,Nelson Bay,AU,-32.72,152.15,48.0,93,1,5.82,clear sky
532,Kawalu,ID,-7.38,108.21,69.4,91,85,1.88,overcast clouds
533,Aberystwyth,GB,52.42,-4.08,54.0,78,25,5.99,scattered clouds
534,Kaeo,NZ,-35.1,173.78,45.0,3,0,3.06,clear sky
535,Kokkola,FI,63.84,23.13,60.01,62,54,4.7,broken clouds
536,Gboko,NG,7.32,9.0,76.3,84,67,5.23,broken clouds
537,La Asuncion,VE,11.03,-63.86,83.01,77,10,12.77,light rain
538,Koumac,NC,-20.57,164.28,64.56,80,94,16.96,overcast clouds
539,Teguldet,RU,57.31,88.17,55.96,96,89,5.84,light rain
540,Kolo,PL,52.2,18.64,63.0,91,65,6.44,broken clouds
541,Pangai,TO,-19.8,-174.35,76.87,71,97,21.09,overcast clouds
542,Waingapu,ID,-9.66,120.26,71.46,79,72,8.84,broken clouds
543,Mitsamiouli,KM,-11.38,43.28,77.0,73,20,4.7,few clouds
544,Palasa,IN,18.77,84.42,80.47,88,5,5.66,clear sky
545,Kailua,US,21.4,-157.74,78.8,69,20,12.75,few clouds
546,Evensk,RU,61.95,159.23,46.35,71,68,10.83,broken clouds
547,Pasighat,IN,28.07,95.33,76.39,85,75,2.73,moderate rain
548,Lubango,AO,-14.92,13.49,59.14,55,5,5.39,clear sky
549,Port-Gentil,GA,-0.72,8.78,77.0,83,75,15.55,broken clouds
550,Flin Flon,CA,54.77,-101.86,64.4,68,75,6.93,broken clouds
551,Katuli,PH,7.43,124.22,77.04,81,99,2.55,overcast clouds
552,Baoding,CN,38.85,115.49,74.17,83,64,4.16,broken clouds
553,Vangaindrano,MG,-23.35,47.6,68.02,91,7,6.08,clear sky
554,San Quintin,MX,30.48,-115.95,75.81,64,0,10.74,clear sky
555,Floro,NO,61.6,5.03,55.4,71,9,20.8,clear sky
556,Dekar,BW,-21.53,21.93,67.73,24,60,13.35,broken clouds
557,Kasangulu,CD,-4.59,15.17,82.4,61,40,9.17,scattered clouds
558,Nuuk,GL,64.18,-51.72,55.4,71,75,2.24,broken clouds
559,Lincoln,US,40.8,-96.67,77.0,41,1,13.87,clear sky
560,Catuday,PH,16.29,119.81,81.63,83,100,7.2,overcast clouds
561,Guiratinga,BR,-16.35,-53.76,99.1,10,0,7.99,clear sky
562,Pimentel,PE,-6.84,-79.93,71.6,60,70,13.87,broken clouds
563,Radeberg,DE,51.12,13.92,68.0,64,20,9.17,few clouds
564,Neiafu,TO,-18.65,-173.98,75.2,83,40,13.87,scattered clouds
565,Vestmannaeyjar,IS,63.44,-20.27,51.8,81,75,5.82,broken clouds
566,Yilan,TW,24.76,121.75,84.0,99,79,1.61,broken clouds
567,Tatawin,TN,32.93,10.45,84.83,39,0,10.25,clear sky
568,Tiznit,MA,29.58,-9.5,70.47,62,1,6.93,clear sky
569,Kizhinga,RU,51.85,109.91,51.75,94,100,3.76,light rain
570,Katsuura,JP,35.13,140.3,82.4,88,75,6.93,broken clouds
571,Itarema,BR,-2.92,-39.92,85.69,56,7,23.13,clear sky
572,Sogne,NO,58.08,7.82,62.01,67,41,3.36,scattered clouds
573,Cabo San Lucas,MX,22.89,-109.91,80.01,100,90,6.93,light rain
574,Cururupu,BR,-1.83,-44.87,87.1,56,41,8.75,scattered clouds
575,Simao,CN,22.79,100.97,65.57,94,100,1.81,light rain
576,Muroto,JP,33.28,134.15,83.28,75,0,3.49,clear sky
577,Jemnice,CZ,49.02,15.57,63.0,90,100,3.0,light rain
578,Monrovia,LR,6.3,-10.8,80.6,83,75,11.41,broken clouds
579,Vila Velha,BR,-20.33,-40.29,80.01,69,40,13.87,scattered clouds
580,San Isidro,PE,-12.12,-77.05,62.6,77,90,5.82,overcast clouds
581,Lesnikovo,RU,55.28,65.32,68.34,72,33,7.2,scattered clouds
582,Kosa,RU,59.94,55.0,56.34,98,99,1.54,light rain
583,Mujiayingzi,CN,42.12,118.78,65.61,85,77,1.79,broken clouds
584,Havelock,US,34.88,-76.9,89.6,59,40,13.87,scattered clouds
585,Biak,ID,-0.91,122.88,76.42,81,97,8.23,light rain
586,Providencia,MX,28.72,-111.58,89.01,73,80,8.01,broken clouds
587,Sola,VU,-13.88,167.55,79.88,83,81,24.4,moderate rain
588,Gao,ML,16.64,1.64,82.96,60,95,4.21,overcast clouds
589,Lac Du Bonnet,CA,50.25,-96.06,69.01,100,80,4.76,broken clouds
590,Puerto Del Rosario,ES,28.5,-13.86,78.8,65,40,23.04,scattered clouds
591,Dragor,DK,55.59,12.67,64.99,72,6,3.36,clear sky
592,Roald,NO,62.58,6.13,51.01,87,90,9.17,light rain
593,Churapcha,RU,62.0,132.43,50.88,50,100,6.93,overcast clouds
594,Abu Dhabi,AE,24.47,54.37,96.8,71,6,9.17,clear sky
595,Cabedelo,BR,-6.98,-34.83,82.4,65,75,13.87,broken clouds
596,Teya,RU,60.38,92.63,49.68,88,60,2.51,broken clouds
597,Havre,FR,49.58,0.33,59.0,72,75,13.87,broken clouds
598,Mokhsogollokh,RU,61.47,128.92,57.24,52,100,6.85,overcast clouds
599,Taman,RU,45.21,36.72,73.4,49,20,6.71,few clouds
600,Mangrol,IN,21.12,70.12,78.62,92,100,13.71,heavy intensity rain
601,Fort Nelson,CA,58.81,-122.7,42.8,87,90,13.87,light rain
602,Petropavlovsk-Kamchatskiy,RU,53.05,158.65,41.0,100,40,4.47,scattered clouds
603,Lidkoping,SE,58.51,13.16,59.0,93,41,9.17,light rain
604,Winchester,GB,51.07,-1.32,59.0,58,68,10.29,broken clouds
605,College,US,64.86,-147.8,50.0,93,90,2.39,mist
606,Purpe,RU,64.48,76.69,57.0,90,28,12.57,scattered clouds
607,Bodhan,IN,18.67,77.9,73.69,93,100,3.33,overcast clouds
608,Humberto De Campos,BR,-2.6,-43.46,92.26,43,0,9.57,clear sky
609,Anaconda,US,46.13,-112.94,66.2,34,1,10.76,clear sky
610,Camana,PE,-16.62,-72.71,62.24,77,96,11.54,overcast clouds
611,Azul,AR,-36.78,-59.86,53.01,43,100,7.0,overcast clouds
612,Kamenka,RU,51.32,42.77,62.78,67,27,5.95,scattered clouds
613,Camacha,PT,33.08,-16.33,73.4,60,20,17.22,few clouds
614,Cavalcante,BR,-13.8,-47.46,90.34,19,0,6.55,clear sky
615,Moose Factory,CA,51.26,-80.61,59.0,82,90,10.29,overcast clouds
616,Belaya Gora,RU,68.53,146.42,35.31,89,27,4.38,scattered clouds
617,Mwene-Ditu,CD,-7.0,23.45,79.16,54,71,0.78,broken clouds
618,Ochamchira,GE,42.71,41.47,70.38,84,0,1.95,clear sky
619,Skjold,DK,55.8,9.94,63.0,87,40,2.24,scattered clouds
620,Kropotkin,RU,45.44,40.58,72.46,33,0,6.33,clear sky
621,Zorya,UA,45.99,29.7,69.19,75,0,8.37,clear sky
622,Teknaf,BD,20.86,92.31,80.22,89,83,4.21,broken clouds
623,Mandurah,AU,-32.55,115.7,46.99,74,3,12.06,clear sky
624,Grand-Santi,GF,4.25,-54.38,90.77,52,81,3.71,broken clouds
625,Maceio,BR,-9.67,-35.74,82.4,69,75,14.99,broken clouds
626,Gramoteino,RU,54.54,86.38,54.54,88,85,4.16,overcast clouds
627,Polson,US,47.69,-114.16,78.01,28,0,1.01,clear sky
628,Havre-Saint-Pierre,CA,50.23,-63.6,59.0,58,1,17.22,clear sky
629,Guarapari,BR,-20.67,-40.5,80.01,67,5,16.17,clear sky
630,Barabash,RU,43.2,131.48,66.2,100,75,4.47,light intensity shower rain
631,Vernon,CA,50.26,-119.27,66.2,42,75,18.34,broken clouds
632,Praya,CV,14.92,-23.51,84.2,74,75,14.99,broken clouds
633,Miandoab,IR,36.97,46.1,80.6,28,0,13.87,clear sky
634,Alenquer,BR,-1.94,-54.74,87.8,70,20,8.05,few clouds
635,Tautira,PF,-17.73,-149.15,78.8,74,20,2.24,few clouds
636,Muli,MV,2.92,73.57,83.57,69,94,8.72,overcast clouds
637,Banjar,ID,-8.19,114.97,78.8,88,75,12.75,broken clouds
638,Tucurui,BR,-3.77,-49.67,98.2,30,23,5.79,few clouds
639,Nalut,LY,30.33,10.85,90.73,14,0,4.88,clear sky
640,Darhan,MN,49.49,105.92,57.25,83,84,3.0,broken clouds
641,Houston,US,29.76,-95.36,96.01,56,40,6.58,scattered clouds
642,Luanda,AO,-8.84,13.23,71.6,73,20,9.17,few clouds
643,Jamame,SO,0.07,42.75,76.48,82,3,11.1,clear sky
644,Uige,AO,-7.61,15.06,74.89,61,42,4.81,scattered clouds
645,Sorong,ID,-0.88,131.25,76.55,87,100,6.87,overcast clouds
646,Asosa,ET,10.07,34.53,62.76,100,84,1.21,broken clouds
647,Sretensk,RU,52.25,117.71,52.16,92,100,3.56,overcast clouds
648,Flagstaff,US,35.2,-111.65,78.01,31,1,14.99,clear sky
649,Dicabisagan,PH,17.08,122.42,78.3,82,100,3.38,overcast clouds
650,Fort Walton Beach,US,30.41,-86.62,81.0,94,90,6.93,heavy intensity rain
651,Yatou,CN,37.15,122.38,72.12,95,26,4.72,scattered clouds
652,Mala,PE,-12.66,-76.63,67.12,66,46,7.61,scattered clouds
653,Sharjah,AE,25.36,55.4,96.8,63,31,5.82,scattered clouds
654,Malanje,AO,-9.54,16.34,75.2,47,100,8.16,overcast clouds
655,Koson,UZ,39.04,65.58,75.2,38,0,6.93,clear sky
656,Alta Floresta,BR,-9.88,-56.09,98.6,37,40,3.36,scattered clouds
657,Linfen,CN,36.09,111.52,76.86,63,60,0.47,broken clouds
658,Sinnamary,GF,5.38,-52.95,84.47,80,66,11.9,light rain
659,Kholodnyy,RU,62.72,147.95,28.54,94,0,0.74,clear sky
660,Namibe,AO,-15.2,12.15,62.6,69,0,7.87,clear sky
661,Xining,CN,36.62,101.77,49.17,84,100,3.98,light rain
662,Bilma,NE,18.69,12.92,94.48,31,56,12.24,moderate rain
663,Tsaratanana,MG,-16.78,47.65,66.85,65,0,10.83,clear sky
664,Bara,NG,10.37,10.73,76.64,86,83,2.15,moderate rain
665,Bijawar,IN,24.63,79.5,74.89,94,13,7.81,few clouds
666,Emba,KZ,48.83,58.14,79.66,25,98,8.3,overcast clouds
667,Meadow Lake,US,34.8,-106.54,82.99,39,40,7.07,scattered clouds
668,Camaqua,BR,-30.85,-51.81,80.69,64,55,2.48,broken clouds
669,Nabire,ID,-3.37,135.48,74.25,94,100,1.77,heavy intensity rain
670,Krasnoborsk,RU,61.56,45.93,56.82,90,100,3.0,overcast clouds
671,Xudat,AZ,41.63,48.68,72.91,67,18,3.11,few clouds
672,Prince Rupert,CA,54.32,-130.32,53.6,100,90,4.7,overcast clouds
673,Kalevala,RU,65.2,31.17,50.05,77,27,4.65,scattered clouds
674,Araouane,ML,18.9,-3.53,91.81,44,90,13.85,overcast clouds
675,Dickinson,US,29.46,-95.05,93.99,56,75,6.93,broken clouds
676,Laiwu,CN,36.19,117.66,69.76,87,0,2.73,clear sky
677,Biltine,TD,14.53,20.92,86.25,57,12,6.55,few clouds
678,Kahului,US,20.89,-156.47,78.8,65,40,9.17,scattered clouds
679,Srednekolymsk,RU,67.45,153.68,35.65,90,35,3.49,scattered clouds
680,Guadalupe Victoria,MX,32.29,-115.11,102.99,56,5,10.29,clear sky
681,Rio Gallegos,AR,-51.62,-69.22,44.6,75,100,31.09,overcast clouds
682,Imeni Vorovskogo,RU,55.72,38.34,60.8,87,55,2.24,broken clouds
683,Kakonko,TZ,-3.28,30.96,73.11,41,51,1.61,broken clouds
684,Progreso,MX,21.28,-89.67,91.99,66,75,16.11,broken clouds
685,Altay,CN,47.87,88.12,54.43,57,75,2.46,broken clouds
686,Sochaczew,PL,52.23,20.24,68.0,72,65,5.82,broken clouds
687,Aksu,CN,41.12,80.26,71.42,33,0,4.59,clear sky
688,Makakilo City,US,21.35,-158.09,78.8,73,1,4.7,clear sky
689,Napoleon,US,41.39,-84.13,75.99,64,90,8.05,overcast clouds
690,Ostrovnoy,RU,68.05,39.51,45.07,80,82,6.26,broken clouds
